district_id,district_name,state,imd_obj_id,lat_centroid,lon_centroid,area_km2,zone_code,subdivision,censuscode
198,Nicobar,Andaman & Nicobar Island,,7.5108595,93.60655,1771.1788,IS,Andaman & Nicobar Island,638.0
199,North & Middle Andaman,Andaman & Nicobar Island,,12.836104,92.86712,3358.0469,IS,Andaman & Nicobar Island,639.0
200,South Andaman,Andaman & Nicobar Island,,11.515573,92.64777,2448.6272,IS,Andaman & Nicobar Island,640.0
1,Adilabad,Andhra Pradesh,,19.25707,78.9725,15526.993,C,Andhra Pradesh,532.0
201,Anantapur,Andhra Pradesh,,14.4798565,77.57756,18987.717,PI,Andhra Pradesh,553.0
202,Chittoor,Andhra Pradesh,,13.4670515,79.01378,15076.617,PI,Andhra Pradesh,554.0
203,East Godavari,Andhra Pradesh,,17.1872,82.01204,10571.114,PI,Andhra Pradesh,545.0
204,Guntur,Andhra Pradesh,,16.298954,80.09209,11186.511,PI,Andhra Pradesh,548.0
2,Hyderabad,Andhra Pradesh,,17.389824,78.46994,173.43257,C,Andhra Pradesh,536.0
3,Karimnagar,Andhra Pradesh,,18.549746,79.24106,11539.769,C,Andhra Pradesh,534.0
4,Khammam,Andhra Pradesh,,17.596085,80.68686,15646.022,C,Andhra Pradesh,541.0
205,Krishna,Andhra Pradesh,,16.561907,80.80167,8365.255,PI,Andhra Pradesh,547.0
206,Kurnool,Andhra Pradesh,,15.533718,78.00617,17503.31,PI,Andhra Pradesh,552.0
5,Mahbubnagar,Andhra Pradesh,,16.498066,78.146324,17974.02,C,Andhra Pradesh,538.0
6,Medak,Andhra Pradesh,,17.888197,78.2153,9489.959,C,Andhra Pradesh,535.0
7,Nalgonda,Andhra Pradesh,,17.067196,79.288956,13742.144,C,Andhra Pradesh,539.0
8,Nizamabad,Andhra Pradesh,,18.525854,78.14374,7674.3804,C,Andhra Pradesh,533.0
207,Prakasam,Andhra Pradesh,,15.620867,79.51582,17389.371,PI,Andhra Pradesh,549.0
9,Rangareddy,Andhra Pradesh,,17.28821,78.17733,7358.8755,C,Andhra Pradesh,537.0
208,Sri Potti Sriramulu Nellore,Andhra Pradesh,,14.425257,79.73544,12965.427,PI,Andhra Pradesh,550.0
209,Srikakulam,Andhra Pradesh,,18.578398,83.98735,6131.5913,PI,Andhra Pradesh,542.0
210,Visakhapatnam,Andhra Pradesh,,17.890589,82.69244,11115.36,PI,Andhra Pradesh,544.0
211,Vizianagaram,Andhra Pradesh,,18.466412,83.37884,5427.228,PI,Andhra Pradesh,543.0
10,Warangal,Andhra Pradesh,,17.95485,79.798515,12447.425,C,Andhra Pradesh,540.0
212,West Godavari,Andhra Pradesh,,16.894081,81.40252,7582.7373,PI,Andhra Pradesh,546.0
213,Y.s.r.,Andhra Pradesh,,14.458933,78.78435,14969.724,PI,Andhra Pradesh,551.0
214,Anjaw,Arunanchal Pradesh,,28.065496,96.82892,6293.899,NE,Arunanchal Pradesh,260.0
215,Changlang,Arunanchal Pradesh,,27.36299,96.34477,4862.129,NE,Arunanchal Pradesh,253.0
216,Dibang Valley,Arunanchal Pradesh,,28.951378,95.902664,7180.0728,NE,Arunanchal Pradesh,257.0
217,East Kameng,Arunanchal Pradesh,,27.440752,92.96831,5793.127,NE,Arunanchal Pradesh,247.0
218,East Siang,Arunanchal Pradesh,,28.123684,95.16359,3615.1501,NE,Arunanchal Pradesh,251.0
219,Kurung Kumey,Arunanchal Pradesh,,27.99996,93.39259,6556.221,NE,Arunanchal Pradesh,256.0
220,Lohit,Arunanchal Pradesh,,27.840069,96.195175,3761.41,NE,Arunanchal Pradesh,259.0
221,Lower Dibang Valley,Arunanchal Pradesh,,28.372559,95.88014,5502.053,NE,Arunanchal Pradesh,258.0
222,Lower Subansiri,Arunanchal Pradesh,,27.625555,93.93886,2393.2285,NE,Arunanchal Pradesh,255.0
223,Papum Pare,Arunanchal Pradesh,,27.288744,93.59689,3647.0044,NE,Arunanchal Pradesh,248.0
224,Tawang,Arunanchal Pradesh,,27.661968,91.95349,2276.0293,NE,Arunanchal Pradesh,245.0
225,Tirap,Arunanchal Pradesh,,26.94705,95.4408,1957.7623,NE,Arunanchal Pradesh,254.0
226,Upper Siang,Arunanchal Pradesh,,28.833443,94.91873,6553.399,NE,Arunanchal Pradesh,252.0
227,Upper Subansiri,Arunanchal Pradesh,,28.28997,93.937515,6204.351,NE,Arunanchal Pradesh,249.0
228,West Kameng,Arunanchal Pradesh,,27.302755,92.41088,5080.1543,NE,Arunanchal Pradesh,246.0
229,West Siang,Arunanchal Pradesh,,28.320183,94.51228,7677.7056,NE,Arunanchal Pradesh,250.0
230,Baksa,Assam,,26.665009,91.34654,2284.4946,NE,Assam,324.0
231,Barpeta,Assam,,26.340141,91.01072,2225.295,NE,Assam,303.0
232,Bongaigaon,Assam,,26.365206,90.624725,1013.5191,NE,Assam,319.0
233,Cachar,Assam,,24.8111,92.85655,3639.2158,NE,Assam,316.0
234,Chirang,Assam,,26.64298,90.616264,1667.5032,NE,Assam,320.0
235,Darrang,Assam,,26.449265,92.03725,1552.8145,NE,Assam,325.0
236,Dhemaji,Assam,,27.577965,94.777214,2515.827,NE,Assam,308.0
237,Dhubri,Assam,,26.067316,90.022156,2211.5225,NE,Assam,301.0
238,Dibrugarh,Assam,,27.366457,95.05617,3276.0317,NE,Assam,310.0
239,Dima Hasao,Assam,,25.37692,93.03427,4718.814,NE,Assam,315.0
240,Goalpara,Assam,,26.055609,90.6056,1936.0524,NE,Assam,302.0
241,Golaghat,Assam,,26.456944,93.83372,3241.7935,NE,Assam,313.0
242,Hailakandi,Assam,,24.493906,92.5887,1280.7303,NE,Assam,318.0
243,Jorhat,Assam,,26.79386,94.25648,2889.3328,NE,Assam,312.0
244,Kamrup,Assam,,26.117922,91.4057,2798.1738,NE,Assam,321.0
245,Kamrup Metropolitan,Assam,,26.09011,91.82148,1162.6278,NE,Assam,322.0
246,Karbi Anglong,Assam,,26.065645,93.14789,10032.724,NE,Assam,314.0
247,Karimganj,Assam,,24.581083,92.37742,1796.9332,NE,Assam,317.0
248,Kokrajhar,Assam,,26.514378,90.13045,3058.9395,NE,Assam,300.0
249,Lakhimpur,Assam,,27.168957,94.12558,2781.8772,NE,Assam,307.0
250,Marigaon,Assam,,26.284752,92.28191,1488.6838,NE,Assam,304.0
251,Nagaon,Assam,,26.222729,92.842674,3846.1743,NE,Assam,305.0
252,Nalbari,Assam,,26.367872,91.3876,993.6242,NE,Assam,323.0
253,Sivasagar,Assam,,27.007326,94.819824,2540.2297,NE,Assam,311.0
254,Sonitpur,Assam,,26.782732,92.93905,5009.8555,NE,Assam,306.0
255,Tinsukia,Assam,,27.578442,95.626465,3662.8755,NE,Assam,309.0
256,Udalguri,Assam,,26.730116,92.03722,1966.343,NE,Assam,326.0
257,Araria,Bihar,,26.199476,87.35436,2701.889,GP,Bihar,209.0
258,Arwal,Bihar,,25.161598,84.690414,639.7614,GP,Bihar,240.0
259,Aurangabad,Bihar,,24.792799,84.41202,3151.1724,GP,Bihar,235.0
260,Banka,Bihar,,24.853634,86.8408,2980.7905,GP,Bihar,225.0
261,Begusarai,Bihar,,25.495275,86.13093,1862.8701,GP,Bihar,222.0
262,Bhagalpur,Bihar,,25.270552,87.084335,2445.3994,GP,Bihar,224.0
263,Bhojpur,Bihar,,25.468958,84.5436,2280.65,GP,Bihar,231.0
264,Buxar,Bihar,,25.491423,84.101715,1642.9756,GP,Bihar,232.0
265,Darbhanga,Bihar,,26.11381,86.02549,2201.1296,GP,Bihar,215.0
266,Gaya,Bihar,,24.699013,84.9357,4771.824,GP,Bihar,236.0
267,Gopalganj,Bihar,,26.442854,84.37751,1963.6853,GP,Bihar,217.0
268,Jamui,Bihar,,24.783688,86.295395,2930.3672,GP,Bihar,238.0
269,Jehanabad,Bihar,,25.15655,85.03013,894.733,GP,Bihar,239.0
270,Kaimur (bhabua),Bihar,,24.99085,83.60661,3218.323,GP,Bihar,233.0
271,Katihar,Bihar,,25.545485,87.64489,2941.6243,GP,Bihar,212.0
272,Khagaria,Bihar,,25.51219,86.60327,1432.653,GP,Bihar,223.0
273,Kishanganj,Bihar,,26.295631,87.935196,1861.478,GP,Bihar,210.0
274,Lakhisarai,Bihar,,25.155458,86.13115,1217.3772,GP,Bihar,227.0
275,Madhepura,Bihar,,25.825686,86.89641,1766.5526,GP,Bihar,213.0
276,Madhubani,Bihar,,26.405718,86.21803,3311.6682,GP,Bihar,207.0
277,Munger,Bihar,,25.209877,86.527374,1376.0333,GP,Bihar,226.0
278,Muzaffarpur,Bihar,,26.151228,85.330795,3063.92,GP,Bihar,216.0
279,Nalanda,Bihar,,25.220816,85.45584,2244.433,GP,Bihar,229.0
280,Nawada,Bihar,,24.811008,85.59402,2386.2693,GP,Bihar,237.0
281,Pashchim Champaran,Bihar,,27.079105,84.34152,5060.43,GP,Bihar,203.0
282,Patna,Bihar,,25.4568,85.222275,3081.79,GP,Bihar,230.0
283,Purba Champaran,Bihar,,26.618357,84.92472,3833.6582,GP,Bihar,204.0
284,Purnia,Bihar,,25.816187,87.4068,3119.2266,GP,Bihar,211.0
285,Rohtas,Bihar,,24.97917,84.02739,3714.916,GP,Bihar,234.0
286,Saharsa,Bihar,,25.816559,86.58989,1623.0686,GP,Bihar,214.0
287,Samastipur,Bihar,,25.777027,85.90359,2792.3662,GP,Bihar,221.0
288,Saran (chhapra),Bihar,,25.904646,84.82542,2542.698,GP,Bihar,219.0
289,Sheikhpura,Bihar,,25.13193,85.828926,614.2373,GP,Bihar,228.0
290,Sheohar,Bihar,,26.527027,85.28992,277.59113,GP,Bihar,205.0
291,Sitamarhi,Bihar,,26.57593,85.53967,2245.3994,GP,Bihar,206.0
292,Siwan,Bihar,,26.160793,84.38953,2140.2148,GP,Bihar,218.0
293,Supaul,Bihar,,26.247702,86.79997,2308.9724,GP,Bihar,208.0
294,Vaishali,Bihar,,25.762257,85.37009,1928.6512,GP,Bihar,220.0
295,Chandigarh,Chandigarh,,30.730057,76.78148,115.35911,NW,Chandigarh,55.0
11,Bastar,Chhattisgarh,,19.420727,81.770805,10010.033,C,Chhattisgarh,414.0
12,Bijapur,Chhattisgarh,,18.842625,80.77628,8511.404,C,Chhattisgarh,417.0
13,Bilaspur,Chhattisgarh,,22.350613,81.96178,8022.8633,C,Chhattisgarh,406.0
14,Dakshin Bastar Dantewada,Chhattisgarh,,18.498817,81.37929,8608.947,C,Chhattisgarh,416.0
15,Dhamtari,Chhattisgarh,,20.555708,81.81089,3915.575,C,Chhattisgarh,412.0
16,Durg,Chhattisgarh,,21.189634,81.35286,8287.6,C,Chhattisgarh,409.0
17,Janjgir-champa,Chhattisgarh,,21.926277,82.7381,3723.6467,C,Chhattisgarh,405.0
18,Jashpur,Chhattisgarh,,22.80016,83.86629,5583.193,C,Chhattisgarh,402.0
19,Kabeerdham,Chhattisgarh,,22.090788,81.22284,4061.7317,C,Chhattisgarh,407.0
20,Korba,Chhattisgarh,,22.532175,82.61222,6333.5024,C,Chhattisgarh,404.0
21,Koriya,Chhattisgarh,,23.467937,82.23771,6383.2095,C,Chhattisgarh,400.0
22,Mahasamund,Chhattisgarh,,21.207294,82.61243,4559.957,C,Chhattisgarh,411.0
23,Narayanpur,Chhattisgarh,,19.604063,81.08135,4131.462,C,Chhattisgarh,415.0
24,Raigarh,Chhattisgarh,,22.084833,83.3058,6819.11,C,Chhattisgarh,403.0
25,Raipur,Chhattisgarh,,21.068787,82.17433,11995.633,C,Chhattisgarh,410.0
26,Rajnandgaon,Chhattisgarh,,21.037924,80.81863,7764.537,C,Chhattisgarh,408.0
27,Surguja,Chhattisgarh,,23.357246,83.21928,15125.366,C,Chhattisgarh,401.0
28,Uttar Bastar Kanker,Chhattisgarh,,20.147728,81.1286,6567.0737,C,Chhattisgarh,413.0
296,Dadra & Nagar Haveli,Dadara & Nagar Havelli,,20.195023,73.07068,476.45224,NW,Dadara & Nagar Havelli,496.0
297,Daman,Daman & Diu,,20.414059,72.852356,70.979195,NW,Daman & Diu,495.0
298,Diu,Daman & Diu,,20.720898,70.939865,34.394596,NW,Daman & Diu,494.0
29,North Goa,Goa,,15.552489,73.98074,1650.1829,W,Goa,585.0
30,South Goa,Goa,,15.196179,74.11845,1917.526,W,Goa,586.0
299,Ahmadabad,Gujarat,,22.709019,72.19555,7712.664,NW,Gujarat,474.0
300,Amreli,Gujarat,,21.383215,71.216324,7621.294,NW,Gujarat,480.0
301,Anand,Gujarat,,22.448025,72.77713,2806.4336,NW,Gujarat,482.0
302,Banas Kantha,Gujarat,,24.283894,72.03212,10247.554,NW,Gujarat,469.0
303,Bharuch,Gujarat,,21.786285,72.92547,5083.675,NW,Gujarat,488.0
304,Bhavnagar,Gujarat,,21.665892,71.8412,8062.6313,NW,Gujarat,481.0
305,Dohad,Gujarat,,22.857075,74.115906,3458.3503,NW,Gujarat,485.0
306,Gandhinagar,Gujarat,,23.254953,72.69237,2055.0708,NW,Gujarat,473.0
307,Jamnagar,Gujarat,,22.25228,69.91278,10491.1875,NW,Gujarat,477.0
308,Junagadh,Gujarat,,21.221298,70.554504,7976.117,NW,Gujarat,479.0
309,Kachchh,Gujarat,,23.629366,69.95923,40508.203,NW,Gujarat,468.0
310,Kheda,Gujarat,,22.876268,73.01627,3843.5305,NW,Gujarat,483.0
311,Mahesana,Gujarat,,23.608704,72.4615,4244.352,NW,Gujarat,471.0
312,Narmada,Gujarat,,21.735203,73.64764,2719.3562,NW,Gujarat,487.0
313,Navsari,Gujarat,,20.81517,73.089966,2146.7104,NW,Gujarat,490.0
314,Panch Mahals,Gujarat,,22.90334,73.66387,5095.6187,NW,Gujarat,484.0
315,Patan,Gujarat,,23.769613,71.752266,5431.6074,NW,Gujarat,470.0
316,Porbandar,Gujarat,,21.653378,69.77829,2203.3835,NW,Gujarat,478.0
317,Rajkot,Gujarat,,22.261595,70.77451,10776.181,NW,Gujarat,476.0
318,Sabar Kantha,Gujarat,,23.658772,73.16391,7140.2896,NW,Gujarat,472.0
319,Surat,Gujarat,,21.26596,73.071884,4174.6357,NW,Gujarat,492.0
320,Surendranagar,Gujarat,,22.797731,71.53986,10102.176,NW,Gujarat,475.0
321,Tapi,Gujarat,,21.1915,73.63062,3040.2383,NW,Gujarat,493.0
322,The Dangs,Gujarat,,20.804285,73.70128,1700.8243,NW,Gujarat,489.0
323,Vadodara,Gujarat,,22.233175,73.53192,7234.952,NW,Gujarat,486.0
324,Valsad,Gujarat,,20.418457,73.1147,2895.5288,NW,Gujarat,491.0
31,Ambala,Haryana,,30.32856,76.94209,1472.2704,N,Haryana,70.0
32,Bhiwani,Haryana,,28.717974,75.967674,4476.433,N,Haryana,81.0
33,Faridabad,Haryana,,28.33271,77.354805,813.22864,N,Haryana,88.0
34,Fatehabad,Haryana,,29.576454,75.579,2333.7454,N,Haryana,78.0
35,Gurgaon,Haryana,,28.368092,76.94079,1196.5481,N,Haryana,86.0
36,Hisar,Haryana,,29.215157,75.81559,4072.9666,N,Haryana,80.0
37,Jhajjar,Haryana,,28.604763,76.6493,1875.394,N,Haryana,83.0
38,Jind,Haryana,,29.43534,76.3012,2628.1245,N,Haryana,77.0
39,Kaithal,Haryana,,29.81396,76.418274,2234.5388,N,Haryana,73.0
40,Karnal,Haryana,,29.687445,76.88461,2563.2205,N,Haryana,74.0
41,Kurukshetra,Haryana,,30.045132,76.786156,1526.3367,N,Haryana,72.0
42,Mahendragarh,Haryana,,28.172754,76.14313,1865.279,N,Haryana,84.0
43,Mewat,Haryana,,27.981522,77.04661,1417.3739,N,Haryana,87.0
44,Palwal,Haryana,,28.047476,77.318375,1278.8433,N,Haryana,89.0
45,Panchkula,Haryana,,30.685963,76.97769,827.5344,N,Haryana,69.0
46,Panipat,Haryana,,29.332613,76.92636,1189.6835,N,Haryana,75.0
47,Rewari,Haryana,,28.235733,76.54341,1442.6619,N,Haryana,85.0
48,Rohtak,Haryana,,28.914566,76.529236,1666.4359,N,Haryana,82.0
49,Sirsa,Haryana,,29.614738,74.901634,4116.065,N,Haryana,79.0
50,Sonipat,Haryana,,29.061758,76.87966,2091.2312,N,Haryana,76.0
51,Yamunanagar,Haryana,,30.236399,77.304886,1691.1476,N,Haryana,71.0
52,Bilaspur,Himachal Pradesh,,31.372322,76.67192,1142.1766,N,Himachal Pradesh,30.0
53,Chamba,Himachal Pradesh,,32.677364,76.35425,6372.747,N,Himachal Pradesh,23.0
54,Hamirpur,Himachal Pradesh,,31.668016,76.52578,1100.117,N,Himachal Pradesh,28.0
55,Kangra,Himachal Pradesh,,32.109043,76.31756,5611.108,N,Himachal Pradesh,24.0
56,Kinnaur,Himachal Pradesh,,31.596807,78.41278,6328.346,N,Himachal Pradesh,34.0
57,Kullu,Himachal Pradesh,,31.904337,77.40052,5402.955,N,Himachal Pradesh,26.0
58,Lahul & Spiti,Himachal Pradesh,,32.481018,77.61759,13602.431,N,Himachal Pradesh,25.0
59,Mandi,Himachal Pradesh,,31.638193,76.99324,3872.1255,N,Himachal Pradesh,27.0
60,Shimla,Himachal Pradesh,,31.197113,77.63214,5021.681,N,Himachal Pradesh,33.0
61,Sirmaur,Himachal Pradesh,,30.66756,77.431076,2741.7197,N,Himachal Pradesh,32.0
62,Solan,Himachal Pradesh,,31.042917,76.909645,1912.8126,N,Himachal Pradesh,31.0
63,Una,Himachal Pradesh,,31.58062,76.21021,1507.8262,N,Himachal Pradesh,29.0
325,Anantnag,Jammu & Kashmir,,33.81506,75.357475,3116.0667,NW,Jammu & Kashmir,14.0
326,Badgam,Jammu & Kashmir,,33.89003,74.66289,1273.6493,NW,Jammu & Kashmir,2.0
327,Bandipore,Jammu & Kashmir,,34.504204,74.82843,2287.2927,NW,Jammu & Kashmir,9.0
328,Baramula,Jammu & Kashmir,,34.162758,74.46343,1761.1493,NW,Jammu & Kashmir,8.0
329,Data Not Available,Jammu & Kashmir,,35.532063,74.90324,86082.95,NW,Jammu & Kashmir,0.0
330,Doda,Jammu & Kashmir,,33.100887,75.64992,2051.7751,NW,Jammu & Kashmir,16.0
331,Ganderbal,Jammu & Kashmir,,34.29477,75.20007,1063.3566,NW,Jammu & Kashmir,11.0
332,Jammu,Jammu & Kashmir,,32.76252,74.78843,1977.1093,NW,Jammu & Kashmir,21.0
333,Kargil,Jammu & Kashmir,,33.966537,76.48697,14770.268,NW,Jammu & Kashmir,4.0
334,Kathua,Jammu & Kashmir,,32.5663,75.59361,2318.512,NW,Jammu & Kashmir,7.0
335,Kishtwar,Jammu & Kashmir,,33.529587,76.015144,8521.298,NW,Jammu & Kashmir,18.0
336,Kulgam,Jammu & Kashmir,,33.588272,74.86054,1315.0795,NW,Jammu & Kashmir,15.0
337,Kupwara,Jammu & Kashmir,,34.53197,74.265854,1999.612,NW,Jammu & Kashmir,1.0
338,Leh (ladakh),Jammu & Kashmir,,34.338264,78.43382,79831.31,NW,Jammu & Kashmir,3.0
339,Pulwama,Jammu & Kashmir,,33.93296,75.037224,608.051,NW,Jammu & Kashmir,12.0
340,Punch,Jammu & Kashmir,,33.701794,74.19917,2374.0134,NW,Jammu & Kashmir,5.0
341,Rajouri,Jammu & Kashmir,,33.31017,74.39881,1905.8542,NW,Jammu & Kashmir,6.0
342,Ramban,Jammu & Kashmir,,33.322983,75.186104,1098.674,NW,Jammu & Kashmir,17.0
343,Reasi,Jammu & Kashmir,,33.207363,74.82232,2254.8772,NW,Jammu & Kashmir,20.0
344,Samba,Jammu & Kashmir,,32.575245,75.10927,966.20087,NW,Jammu & Kashmir,22.0
345,Shupiyan,Jammu & Kashmir,,33.7307,74.81866,539.3308,NW,Jammu & Kashmir,13.0
346,Srinagar,Jammu & Kashmir,,34.17581,74.91482,1059.2708,NW,Jammu & Kashmir,10.0
347,Udhampur,Jammu & Kashmir,,32.894096,75.32774,2364.485,NW,Jammu & Kashmir,19.0
348,Bokaro,Jharkhand,,23.691572,85.98821,2688.22,CI,Jharkhand,355.0
349,Chatra,Jharkhand,,24.173462,84.8872,3607.9878,CI,Jharkhand,347.0
350,Deoghar,Jharkhand,,24.327902,86.74121,2342.3347,CI,Jharkhand,350.0
351,Dhanbad,Jharkhand,,23.829287,86.47199,2047.3105,CI,Jharkhand,354.0
352,Dumka,Jharkhand,,24.3196,87.266785,3621.6418,CI,Jharkhand,362.0
353,Garhwa,Jharkhand,,24.10065,83.699646,3944.253,CI,Jharkhand,346.0
354,Giridih,Jharkhand,,24.296135,86.11042,4812.2754,CI,Jharkhand,349.0
355,Godda,Jharkhand,,24.859402,87.31205,2152.1013,CI,Jharkhand,351.0
356,Gumla,Jharkhand,,23.102139,84.53496,5149.5127,CI,Jharkhand,366.0
357,Hazaribagh,Jharkhand,,23.989914,85.41307,3462.7874,CI,Jharkhand,360.0
358,Jamtara,Jharkhand,,23.977001,86.91733,1731.5615,CI,Jharkhand,363.0
359,Khunti,Jharkhand,,22.997677,85.27446,2603.0752,CI,Jharkhand,365.0
360,Kodarma,Jharkhand,,24.43699,85.59551,2417.8257,CI,Jharkhand,348.0
361,Latehar,Jharkhand,,23.717861,84.44292,4092.9688,CI,Jharkhand,359.0
362,Lohardaga,Jharkhand,,23.475674,84.67008,1439.3766,CI,Jharkhand,356.0
363,Pakur,Jharkhand,,24.563164,87.664154,1744.1073,CI,Jharkhand,353.0
364,Palamu,Jharkhand,,24.202263,84.16754,4247.143,CI,Jharkhand,358.0
365,Pashchimi Singhbhum,Jharkhand,,22.419544,85.51976,6941.2876,CI,Jharkhand,368.0
366,Purbi Singhbhum,Jharkhand,,22.58238,86.45298,3433.6472,CI,Jharkhand,357.0
367,Ramgarh,Jharkhand,,23.630718,85.56065,1300.985,CI,Jharkhand,361.0
368,Ranchi,Jharkhand,,23.33136,85.3711,4743.8413,CI,Jharkhand,364.0
369,Sahibganj,Jharkhand,,25.007952,87.67964,2108.8418,CI,Jharkhand,352.0
370,Saraikela-kharsawan,Jharkhand,,22.844818,85.95155,2546.1677,CI,Jharkhand,369.0
371,Simdega,Jharkhand,,22.580229,84.56628,3639.7095,CI,Jharkhand,367.0
372,Bagalkot,Karnataka,,16.220387,75.62605,6432.0415,PI,Karnataka,556.0
373,Bangalore,Karnataka,,12.950661,77.59599,2175.8225,PI,Karnataka,572.0
374,Bangalore Rural,Karnataka,,13.225639,77.575165,2294.6218,PI,Karnataka,583.0
375,Belgaum,Karnataka,,16.11813,74.82247,13120.754,PI,Karnataka,555.0
376,Bellary,Karnataka,,15.109279,76.53248,8311.091,PI,Karnataka,565.0
377,Bidar,Karnataka,,17.95259,77.22622,5293.877,PI,Karnataka,558.0
378,Bijapur,Karnataka,,16.793058,75.95331,10261.003,PI,Karnataka,557.0
379,Chamrajnagar,Karnataka,,11.956961,77.09914,5688.1924,PI,Karnataka,578.0
380,Chikkaballapura,Karnataka,,13.578096,77.836205,4188.565,PI,Karnataka,582.0
64,Chikmagalur,Karnataka,,13.454114,75.690926,7167.731,W,Karnataka,570.0
381,Chitradurga,Karnataka,,14.166635,76.51593,8360.215,PI,Karnataka,566.0
65,Dakshina Kannada,Karnataka,,12.838051,75.266914,4578.676,W,Karnataka,575.0
382,Davanagere,Karnataka,,14.407436,75.9544,5875.6167,PI,Karnataka,567.0
383,Dharwad,Karnataka,,15.389181,75.15377,4202.2646,PI,Karnataka,562.0
384,Gadag,Karnataka,,15.43042,75.66631,4563.7876,PI,Karnataka,561.0
385,Gulbarga,Karnataka,,17.260012,76.86938,10687.27,PI,Karnataka,579.0
66,Hassan,Karnataka,,12.994985,76.10889,6789.1772,W,Karnataka,574.0
386,Haveri,Karnataka,,14.737763,75.41796,4743.9854,PI,Karnataka,564.0
67,Kodagu,Karnataka,,12.323961,75.80348,4115.601,W,Karnataka,576.0
387,Kolar,Karnataka,,13.138988,78.217514,3968.438,PI,Karnataka,581.0
388,Koppal,Karnataka,,15.561504,76.22186,5468.7095,PI,Karnataka,560.0
389,Mandya,Karnataka,,12.610127,76.79828,4942.615,PI,Karnataka,573.0
390,Mysore,Karnataka,,12.208562,76.442276,6319.0747,PI,Karnataka,577.0
391,Raichur,Karnataka,,16.089355,76.89279,8276.985,PI,Karnataka,559.0
392,Ramanagara,Karnataka,,12.678001,77.33681,3511.6233,PI,Karnataka,584.0
68,Shimoga,Karnataka,,14.043072,75.220894,8361.301,W,Karnataka,568.0
393,Tumkur,Karnataka,,13.51896,76.94699,10543.895,PI,Karnataka,571.0
69,Udupi,Karnataka,,13.466048,74.883804,3841.791,W,Karnataka,569.0
70,Uttara Kannada,Karnataka,,14.792854,74.623085,10048.234,W,Karnataka,563.0
394,Yadgir,Karnataka,,16.626503,76.913185,5163.016,PI,Karnataka,580.0
71,Alappuzha,Kerala,,9.423029,76.44988,1454.4829,W,Kerala,598.0
72,Ernakulam,Kerala,,10.057548,76.47268,2454.5762,W,Kerala,595.0
73,Idukki,Kerala,,9.881409,77.02775,5105.7476,W,Kerala,596.0
74,Kannur,Kerala,,12.000507,75.526436,2957.8008,W,Kerala,589.0
75,Kasaragod,Kerala,,12.462604,75.15388,1964.6713,W,Kerala,588.0
76,Kollam,Kerala,,8.961011,76.87495,2556.1624,W,Kerala,600.0
77,Kottayam,Kerala,,9.636981,76.65101,2258.8325,W,Kerala,597.0
78,Kozhikode,Kerala,,11.484585,75.83453,2347.8445,W,Kerala,591.0
79,Malappuram,Kerala,,11.13173,76.15548,3599.1143,W,Kerala,592.0
80,Palakkad,Kerala,,10.794187,76.558784,4542.9106,W,Kerala,593.0
81,Pathanamthitta,Kerala,,9.284057,76.92903,2710.0623,W,Kerala,599.0
82,Thiruvananthapuram,Kerala,,8.608287,77.01513,2246.8113,W,Kerala,601.0
83,Thrissur,Kerala,,10.471002,76.31634,3071.567,W,Kerala,594.0
84,Wayanad,Kerala,,11.711169,76.09821,2141.1794,W,Kerala,590.0
395,Lakshadweep,Lakshadweep,,11.081503,72.73917,669.8125,IS,Lakshadweep,587.0
396,Alirajpur,Madhya Pradesh,,22.313665,74.36439,3214.798,CI,Madhya Pradesh,465.0
397,Anuppur,Madhya Pradesh,,23.056774,81.683716,3637.3967,CI,Madhya Pradesh,461.0
398,Ashoknagar,Madhya Pradesh,,24.609278,77.87524,4544.759,CI,Madhya Pradesh,459.0
399,Balaghat,Madhya Pradesh,,21.880638,80.36028,8897.364,CI,Madhya Pradesh,457.0
400,Barwani,Madhya Pradesh,,21.787312,75.02164,5234.2837,CI,Madhya Pradesh,441.0
401,Betul,Madhya Pradesh,,21.877752,77.87097,9690.378,CI,Madhya Pradesh,447.0
402,Bhind,Madhya Pradesh,,26.42099,78.72279,4303.131,CI,Madhya Pradesh,420.0
403,Bhopal,Madhya Pradesh,,23.477612,77.396126,2618.9788,CI,Madhya Pradesh,444.0
404,Burhanpur,Madhya Pradesh,,21.37202,76.37017,3084.1191,CI,Madhya Pradesh,467.0
405,Chhatarpur,Madhya Pradesh,,24.796335,79.66508,8342.318,CI,Madhya Pradesh,425.0
406,Chhindwara,Madhya Pradesh,,22.120756,78.85528,11361.384,CI,Madhya Pradesh,455.0
407,Damoh,Madhya Pradesh,,23.812145,79.52719,7068.375,CI,Madhya Pradesh,428.0
408,Datia,Madhya Pradesh,,25.850288,78.56852,1815.4237,CI,Madhya Pradesh,422.0
409,Dewas,Madhya Pradesh,,22.744913,76.45687,6700.187,CI,Madhya Pradesh,437.0
410,Dhar,Madhya Pradesh,,22.497065,75.103806,7842.3047,CI,Madhya Pradesh,438.0
411,Dindori,Madhya Pradesh,,22.888834,81.05682,5485.4795,CI,Madhya Pradesh,453.0
412,East Nimar,Madhya Pradesh,,21.936031,76.57151,7169.74,CI,Madhya Pradesh,466.0
413,Guna,Madhya Pradesh,,24.55412,77.20083,6060.0337,CI,Madhya Pradesh,458.0
414,Gwalior,Madhya Pradesh,,26.011467,78.219696,5024.0537,CI,Madhya Pradesh,421.0
415,Harda,Madhya Pradesh,,22.234058,77.12119,3192.5479,CI,Madhya Pradesh,448.0
416,Hoshangabad,Madhya Pradesh,,22.588528,77.98847,6456.424,CI,Madhya Pradesh,449.0
417,Indore,Madhya Pradesh,,22.712893,75.78229,3765.9502,CI,Madhya Pradesh,439.0
418,Jabalpur,Madhya Pradesh,,23.232574,79.97632,4911.2915,CI,Madhya Pradesh,451.0
419,Jhabua,Madhya Pradesh,,22.890461,74.6717,3305.1628,CI,Madhya Pradesh,464.0
420,Katni,Madhya Pradesh,,23.75421,80.401306,4867.169,CI,Madhya Pradesh,450.0
421,Mandla,Madhya Pradesh,,22.64026,80.51386,7259.2036,CI,Madhya Pradesh,454.0
422,Mandsaur,Madhya Pradesh,,24.211212,75.40499,5423.6304,CI,Madhya Pradesh,433.0
423,Morena,Madhya Pradesh,,26.413845,77.86799,4801.548,CI,Madhya Pradesh,419.0
424,Narsimhapur,Madhya Pradesh,,22.934658,79.08723,4947.2764,CI,Madhya Pradesh,452.0
425,Neemuch,Madhya Pradesh,,24.605553,75.144585,4001.4294,CI,Madhya Pradesh,432.0
426,Panna,Madhya Pradesh,,24.419914,80.19149,6823.6685,CI,Madhya Pradesh,426.0
427,Raisen,Madhya Pradesh,,23.217186,78.118065,8172.1035,CI,Madhya Pradesh,446.0
428,Rajgarh,Madhya Pradesh,,23.861103,76.734886,5890.5273,CI,Madhya Pradesh,442.0
429,Ratlam,Madhya Pradesh,,23.500866,75.08961,4639.9844,CI,Madhya Pradesh,434.0
430,Rewa,Madhya Pradesh,,24.755175,81.58967,6066.2236,CI,Madhya Pradesh,430.0
431,Sagar,Madhya Pradesh,,23.847586,78.759514,9858.186,CI,Madhya Pradesh,427.0
432,Satna,Madhya Pradesh,,24.532305,80.833534,7209.391,CI,Madhya Pradesh,429.0
433,Sehore,Madhya Pradesh,,22.99112,77.12884,6317.41,CI,Madhya Pradesh,445.0
434,Seoni,Madhya Pradesh,,22.31495,79.68983,8422.701,CI,Madhya Pradesh,456.0
435,Shahdol,Madhya Pradesh,,23.628372,81.47322,5466.495,CI,Madhya Pradesh,460.0
436,Shajapur,Madhya Pradesh,,23.579466,76.34655,6057.2993,CI,Madhya Pradesh,436.0
437,Sheopur,Madhya Pradesh,,25.752357,77.01001,6297.7686,CI,Madhya Pradesh,418.0
438,Shivpuri,Madhya Pradesh,,25.362535,77.81267,10074.727,CI,Madhya Pradesh,423.0
439,Sidhi,Madhya Pradesh,,24.219591,81.83518,4591.092,CI,Madhya Pradesh,462.0
440,Singrauli,Madhya Pradesh,,24.216448,82.420586,5556.781,CI,Madhya Pradesh,463.0
441,Tikamgarh,Madhya Pradesh,,24.988031,78.94696,4873.102,CI,Madhya Pradesh,424.0
442,Ujjain,Madhya Pradesh,,23.331644,75.66828,5858.1143,CI,Madhya Pradesh,435.0
443,Umaria,Madhya Pradesh,,23.564194,80.971855,4411.6104,CI,Madhya Pradesh,431.0
444,Vidisha,Madhya Pradesh,,23.892515,77.81364,7025.108,CI,Madhya Pradesh,443.0
445,West Nimar,Madhya Pradesh,,21.920017,75.774284,7757.164,CI,Madhya Pradesh,440.0
85,Ahmadnagar,Maharashtra,,19.202673,74.67793,16510.406,W,Maharashtra,522.0
86,Akola,Maharashtra,,20.748594,77.0533,5214.9546,C,Maharashtra,501.0
87,Amravati,Maharashtra,,21.187706,77.57281,11765.108,C,Maharashtra,503.0
446,Aurangabad,Maharashtra,,20.020962,75.27313,9772.283,CI,Maharashtra,515.0
88,Bhandara,Maharashtra,,21.12872,79.750984,3719.415,C,Maharashtra,506.0
447,Bid,Maharashtra,,18.930723,75.87008,10701.482,CI,Maharashtra,523.0
89,Buldana,Maharashtra,,20.51008,76.40799,9409.672,C,Maharashtra,500.0
90,Chandrapur,Maharashtra,,20.11728,79.443474,10917.27,C,Maharashtra,509.0
91,Dhule,Maharashtra,,21.10976,74.600716,6925.5093,W,Maharashtra,498.0
92,Garhchiroli,Maharashtra,,19.782495,80.24087,13966.0625,C,Maharashtra,508.0
93,Gondiya,Maharashtra,,21.148527,80.205345,5273.773,C,Maharashtra,507.0
448,Hingoli,Maharashtra,,19.614843,77.11906,4535.536,CI,Maharashtra,512.0
94,Jalgaon,Maharashtra,,20.935368,75.48932,11349.744,W,Maharashtra,499.0
449,Jalna,Maharashtra,,19.817463,75.98214,7510.093,CI,Maharashtra,514.0
95,Kolhapur,Maharashtra,,16.468658,74.16002,7500.308,W,Maharashtra,530.0
450,Latur,Maharashtra,,18.360298,76.774826,6552.769,CI,Maharashtra,524.0
96,Mumbai,Maharashtra,,18.959612,72.849625,144.60197,W,Maharashtra,519.0
97,Mumbai Suburban,Maharashtra,,19.12954,72.88509,438.27756,W,Maharashtra,518.0
98,Nagpur,Maharashtra,,21.176025,79.08783,9564.494,C,Maharashtra,505.0
451,Nanded,Maharashtra,,19.114838,77.62269,10260.736,CI,Maharashtra,511.0
99,Nandurbar,Maharashtra,,21.549368,74.21845,5684.1963,W,Maharashtra,497.0
100,Nashik,Maharashtra,,20.2589,74.07086,15021.087,W,Maharashtra,516.0
452,Osmanabad,Maharashtra,,18.188677,76.03993,7347.2026,CI,Maharashtra,525.0
453,Parbhani,Maharashtra,,19.285225,76.68296,6134.2886,CI,Maharashtra,513.0
101,Pune,Maharashtra,,18.570292,74.07019,15185.753,W,Maharashtra,521.0
102,Raigarh,Maharashtra,,18.51616,73.21512,6942.674,W,Maharashtra,520.0
103,Ratnagiri,Maharashtra,,17.27208,73.45741,8050.945,W,Maharashtra,528.0
104,Sangli,Maharashtra,,17.112358,74.76989,8349.993,W,Maharashtra,531.0
105,Satara,Maharashtra,,17.668306,74.17374,10223.369,W,Maharashtra,527.0
106,Sindhudurg,Maharashtra,,16.133734,73.74031,4966.7827,W,Maharashtra,529.0
107,Solapur,Maharashtra,,17.78927,75.48328,14495.869,W,Maharashtra,526.0
108,Thane,Maharashtra,,19.598637,73.1513,9208.219,W,Maharashtra,517.0
109,Wardha,Maharashtra,,20.795479,78.58833,6084.9556,C,Maharashtra,504.0
110,Washim,Maharashtra,,20.237492,77.21855,5017.047,C,Maharashtra,502.0
111,Yavatmal,Maharashtra,,20.08391,78.162025,13069.204,C,Maharashtra,510.0
454,Bishnupur,Manipur,,24.535156,93.801094,461.91064,NE,Manipur,275.0
455,Chandel,Manipur,,24.23529,94.092964,3061.0667,NE,Manipur,280.0
456,Churachandpur,Manipur,,24.28976,93.42692,4402.1587,NE,Manipur,274.0
457,Imphal East,Manipur,,24.816498,93.94209,885.24866,NE,Manipur,278.0
458,Imphal West,Manipur,,24.681559,93.15439,288.95715,NE,Manipur,277.0
459,Senapati,Manipur,,25.196156,94.03988,3349.8894,NE,Manipur,272.0
460,Tamenglong,Manipur,,24.946997,93.52691,4032.8625,NE,Manipur,273.0
461,Thoubal,Manipur,,24.530748,93.97154,686.02234,NE,Manipur,276.0
462,Ukhrul,Manipur,,25.019848,94.43384,4285.309,NE,Manipur,279.0
463,East Garo Hills,Meghalaya,,25.735123,90.6342,2820.4863,NE,Meghalaya,294.0
464,East Khasi Hills,Meghalaya,,25.38038,91.800476,2698.164,NE,Meghalaya,298.0
465,Jaintia Hills,Meghalaya,,25.368258,92.38112,3652.6707,NE,Meghalaya,299.0
466,Ri Bhoi,Meghalaya,,25.870483,91.89104,2329.3477,NE,Meghalaya,297.0
467,South Garo Hills,Meghalaya,,25.301674,90.58531,1849.3573,NE,Meghalaya,295.0
468,West Garo Hills,Meghalaya,,25.58487,90.144684,3219.208,NE,Meghalaya,293.0
469,West Khasi Hills,Meghalaya,,25.526505,91.26058,5029.413,NE,Meghalaya,296.0
470,Aizawl,Mizoram,,23.810198,92.88885,3587.9885,NE,Mizoram,283.0
471,Champhai,Mizoram,,23.528925,93.23998,3221.7295,NE,Mizoram,284.0
472,Kolasib,Mizoram,,24.197891,92.72689,1295.1426,NE,Mizoram,282.0
473,Lawangtlai,Mizoram,,22.383396,92.71323,1921.3663,NE,Mizoram,287.0
474,Lunglei,Mizoram,,22.971745,92.72277,4343.8213,NE,Mizoram,286.0
475,Mamit,Mizoram,,23.753628,92.46724,2917.4404,NE,Mizoram,281.0
476,Saiha,Mizoram,,22.376377,93.01209,1898.3962,NE,Mizoram,288.0
477,Serchhip,Mizoram,,23.26588,92.95932,1107.2571,NE,Mizoram,285.0
478,Central,NCT of Delhi,,28.64312,77.21967,14.615535,NW,NCT of Delhi,95.0
479,East,NCT of Delhi,,28.629246,77.29803,63.165028,NW,NCT of Delhi,93.0
480,New Delhi,NCT of Delhi,,28.610884,77.21397,37.260227,NW,NCT of Delhi,94.0
481,North,NCT of Delhi,,28.710558,77.21154,66.870186,NW,NCT of Delhi,91.0
482,North East,NCT of Delhi,,28.70769,77.27399,60.52566,NW,NCT of Delhi,92.0
483,North West,NCT of Delhi,,28.76878,77.08686,429.00146,NW,NCT of Delhi,90.0
484,South,NCT of Delhi,,28.501356,77.22737,245.51059,NW,NCT of Delhi,98.0
485,South West,NCT of Delhi,,28.572397,77.02737,420.46103,NW,NCT of Delhi,97.0
486,West,NCT of Delhi,,28.655329,77.065704,118.19588,NW,NCT of Delhi,96.0
487,Dimapur,Nagaland,,25.778536,93.78506,780.76886,NE,Nagaland,265.0
488,Kiphire,Nagaland,,25.844833,94.82522,1105.6598,NE,Nagaland,269.0
489,Kohima,Nagaland,,25.780962,94.12899,1422.0107,NE,Nagaland,270.0
490,Longleng,Nagaland,,26.555344,94.80034,543.7712,NE,Nagaland,268.0
491,Mokokchung,Nagaland,,26.471886,94.53166,1546.8727,NE,Nagaland,262.0
492,Mon,Nagaland,,26.731108,95.021614,1774.4996,NE,Nagaland,261.0
493,Peren,Nagaland,,25.499529,93.62346,1676.3427,NE,Nagaland,271.0
494,Phek,Nagaland,,25.660873,94.52558,1974.1813,NE,Nagaland,266.0
495,Tuensang,Nagaland,,26.200125,94.9058,2377.5178,NE,Nagaland,267.0
496,Wokha,Nagaland,,26.18478,94.19254,1565.8313,NE,Nagaland,264.0
497,Zunheboto,Nagaland,,26.03156,94.52529,1212.9955,NE,Nagaland,263.0
112,Anugul,Odisha,,20.986073,84.908485,6129.612,C,Odisha,384.0
113,Balangir,Odisha,,20.590311,83.17366,6332.432,C,Odisha,393.0
114,Baleshwar,Odisha,,21.489723,86.91634,3733.6907,C,Odisha,377.0
115,Bargarh,Odisha,,21.22017,83.3526,5583.76,C,Odisha,370.0
116,Bauda,Odisha,,20.64702,84.177734,3006.3896,C,Odisha,391.0
117,Bhadrak,Odisha,,20.985865,86.6255,2390.2805,C,Odisha,378.0
118,Cuttack,Odisha,,20.449938,85.70584,3802.968,C,Odisha,381.0
119,Debagarh,Odisha,,21.46588,84.80373,2706.3042,C,Odisha,373.0
120,Dhenkanal,Odisha,,20.82605,85.5262,4310.648,C,Odisha,383.0
121,Gajapati,Odisha,,19.172913,84.16064,3928.196,C,Odisha,389.0
122,Ganjam,Odisha,,19.626333,84.67109,8197.706,C,Odisha,388.0
123,Jagatsinghapur,Odisha,,20.22182,86.34366,1678.5505,C,Odisha,380.0
124,Jajapur,Odisha,,20.855894,86.152466,2792.1902,C,Odisha,382.0
125,Jharsuguda,Odisha,,21.806074,83.95449,2036.8522,C,Odisha,371.0
126,Kalahandi,Odisha,,19.86732,83.108444,7633.057,C,Odisha,395.0
127,Kandhamal,Odisha,,20.128473,84.046936,7770.0347,C,Odisha,390.0
128,Kendrapara,Odisha,,20.553097,86.609535,2388.948,C,Odisha,379.0
129,Kendujhar,Odisha,,21.536676,85.70567,7996.9062,C,Odisha,375.0
130,Khordha,Odisha,,20.089914,85.51087,2654.7239,C,Odisha,386.0
131,Koraput,Odisha,,18.816391,82.72131,8433.609,C,Odisha,398.0
132,Malkangiri,Odisha,,18.25784,81.95583,5650.924,C,Odisha,399.0
133,Mayurbhanj,Odisha,,21.894882,86.41137,10035.64,C,Odisha,376.0
134,Nabarangapur,Odisha,,19.58764,82.3382,5123.5635,C,Odisha,397.0
135,Nayagarh,Odisha,,20.212978,84.99973,3755.0042,C,Odisha,385.0
136,Nuapada,Odisha,,20.465036,82.57842,3728.4292,C,Odisha,394.0
137,Puri,Odisha,,19.876633,85.72036,3433.022,C,Odisha,387.0
138,Rayagada,Odisha,,19.362143,83.513794,7126.0356,C,Odisha,396.0
139,Sambalpur,Odisha,,21.451353,84.280846,6479.5386,C,Odisha,372.0
140,Subarnapur,Odisha,,20.931484,83.8248,2271.9722,C,Odisha,392.0
141,Sundargarh,Odisha,,22.080214,84.51096,9353.517,C,Odisha,374.0
498,Karaikal,Puducherry,,10.934361,79.80207,154.98164,PI,Puducherry,637.0
499,Mahe,Puducherry,,11.726674,75.541534,9.902055,PI,Puducherry,636.0
500,Puducherry,Puducherry,,11.912057,79.733,301.19098,PI,Puducherry,635.0
501,Yanam,Puducherry,,16.726652,82.25456,36.93936,PI,Puducherry,634.0
142,Amritsar,Punjab,,31.704681,74.90079,2604.945,N,Punjab,49.0
143,Barnala,Punjab,,30.397158,75.5048,1446.2871,N,Punjab,54.0
144,Bathinda,Punjab,,30.18272,75.04059,3278.108,N,Punjab,46.0
145,Faridkot,Punjab,,30.610844,74.77931,1413.8866,N,Punjab,45.0
146,Fatehgarh Sahib,Punjab,,30.63221,76.365326,1113.9385,N,Punjab,40.0
147,Firozpur,Punjab,,30.560162,74.399605,5070.907,N,Punjab,43.0
148,Gurdaspur,Punjab,,32.02415,75.38605,3550.152,N,Punjab,35.0
149,Hoshiarpur,Punjab,,31.625868,75.859215,3295.9873,N,Punjab,38.0
150,Jalandhar,Punjab,,31.212585,75.56651,2546.051,N,Punjab,37.0
151,Kapurthala,Punjab,,31.354126,75.403015,1624.2911,N,Punjab,36.0
152,Ludhiana,Punjab,,30.808897,75.83812,3496.467,N,Punjab,41.0
153,Mansa,Punjab,,29.908339,75.43887,2148.9192,N,Punjab,47.0
154,Moga,Punjab,,30.769955,75.16803,2288.4463,N,Punjab,42.0
155,Muktsar,Punjab,,30.294506,74.54102,2534.9868,N,Punjab,44.0
156,Patiala,Punjab,,30.28141,76.35368,3240.3435,N,Punjab,48.0
157,Rupnagar,Punjab,,31.059261,76.486465,1351.1935,N,Punjab,51.0
158,Sahibzada Ajit Singh Nagar,Punjab,,30.68085,76.737885,1079.7605,N,Punjab,52.0
159,Sangrur,Punjab,,30.213276,75.86866,3501.9697,N,Punjab,53.0
160,Shahid Bhagat Singh Nagar,Punjab,,31.109192,76.15605,1270.5555,N,Punjab,39.0
161,Tarn Taran,Punjab,,31.337357,74.84451,2339.6318,N,Punjab,50.0
502,Ajmer,Rajasthan,,26.229654,74.775116,8206.226,NW,Rajasthan,119.0
503,Alwar,Rajasthan,,27.591125,76.60604,8018.7983,NW,Rajasthan,104.0
504,Banswara,Rajasthan,,23.47495,74.3639,4332.7173,NW,Rajasthan,125.0
505,Baran,Rajasthan,,24.994902,76.756516,6559.533,NW,Rajasthan,128.0
506,Barmer,Rajasthan,,25.735811,71.4729,27351.285,NW,Rajasthan,115.0
507,Bharatpur,Rajasthan,,27.245287,77.27905,4876.5874,NW,Rajasthan,105.0
508,Bhilwara,Rajasthan,,25.480106,74.72925,10066.776,NW,Rajasthan,122.0
509,Bikaner,Rajasthan,,28.177797,73.17699,29217.342,NW,Rajasthan,101.0
510,Bundi,Rajasthan,,25.469955,75.77719,5370.3994,NW,Rajasthan,121.0
511,Chittaurgarh,Rajasthan,,24.829023,74.779526,7352.2285,NW,Rajasthan,126.0
512,Churu,Rajasthan,,28.345228,74.697266,13438.698,NW,Rajasthan,102.0
513,Dausa,Rajasthan,,26.856016,76.51354,3352.139,NW,Rajasthan,109.0
514,Dhaulpur,Rajasthan,,26.680851,77.70298,2917.3103,NW,Rajasthan,106.0
515,Dungarpur,Rajasthan,,23.732449,73.85508,3640.4346,NW,Rajasthan,124.0
516,Ganganagar,Rajasthan,,29.395195,73.56222,10365.273,NW,Rajasthan,99.0
517,Hanumangarh,Rajasthan,,29.271416,74.5497,9630.088,NW,Rajasthan,100.0
518,Jaipur,Rajasthan,,26.980171,75.7236,10860.825,NW,Rajasthan,110.0
519,Jaisalmer,Rajasthan,,27.077522,70.90292,37070.062,NW,Rajasthan,114.0
520,Jalor,Rajasthan,,25.097853,72.2105,10322.328,NW,Rajasthan,116.0
521,Jhalawar,Rajasthan,,24.328821,76.19621,6015.3174,NW,Rajasthan,129.0
522,Jhunjhunun,Rajasthan,,28.09186,75.55235,5724.0425,NW,Rajasthan,103.0
523,Jodhpur,Rajasthan,,26.750383,72.789406,22037.604,NW,Rajasthan,113.0
524,Karauli,Rajasthan,,26.520468,76.96383,4758.418,NW,Rajasthan,107.0
525,Kota,Rajasthan,,25.123556,76.12874,5300.1567,NW,Rajasthan,127.0
526,Nagaur,Rajasthan,,27.064257,74.18776,17026.594,NW,Rajasthan,112.0
527,Pali,Rajasthan,,25.707293,73.51935,11890.229,NW,Rajasthan,118.0
528,Pratapgarh,Rajasthan,,24.029097,74.68106,4141.4536,NW,Rajasthan,131.0
529,Rajsamand,Rajasthan,,25.215874,73.89195,4619.5,NW,Rajasthan,123.0
530,Sawai Madhopur,Rajasthan,,26.216629,76.46773,4850.3804,NW,Rajasthan,108.0
531,Sikar,Rajasthan,,27.636688,75.2878,7428.376,NW,Rajasthan,111.0
532,Sirohi,Rajasthan,,24.758696,72.77415,4961.339,NW,Rajasthan,117.0
533,Tonk,Rajasthan,,26.145716,75.67197,6980.7607,NW,Rajasthan,120.0
534,Udaipur,Rajasthan,,24.407505,73.70667,11459.121,NW,Rajasthan,130.0
535,East,Sikkim,,27.292776,88.67803,909.2802,NE,Sikkim,244.0
536,North,Sikkim,,27.743322,88.532425,4114.5566,NE,Sikkim,241.0
537,South,Sikkim,,27.28668,88.38792,705.15234,NE,Sikkim,243.0
538,West,Sikkim,,27.349041,88.17796,1157.7942,NE,Sikkim,242.0
539,Ariyalur,Tamil Nadu,,11.160381,79.244064,1970.1,PI,Tamil Nadu,616.0
540,Chennai,Tamil Nadu,,13.064682,80.252304,127.99781,PI,Tamil Nadu,603.0
541,Coimbatore,Tamil Nadu,,10.873403,76.9756,4708.71,PI,Tamil Nadu,632.0
542,Cuddalore,Tamil Nadu,,11.534962,79.4508,3725.9573,PI,Tamil Nadu,617.0
543,Dharmapuri,Tamil Nadu,,12.09687,78.19601,4529.541,PI,Tamil Nadu,630.0
544,Dindigul,Tamil Nadu,,10.3896475,77.82,6164.994,PI,Tamil Nadu,612.0
545,Erode,Tamil Nadu,,11.514877,77.414665,5802.54,PI,Tamil Nadu,610.0
546,Kancheepuram,Tamil Nadu,,12.694681,79.94778,4617.4355,PI,Tamil Nadu,604.0
547,Kanniyakumari,Tamil Nadu,,8.306798,77.361496,1746.7975,PI,Tamil Nadu,629.0
548,Karur,Tamil Nadu,,10.842964,78.1332,2928.7148,PI,Tamil Nadu,613.0
549,Krishnagiri,Tamil Nadu,,12.488956,78.03283,5142.5293,PI,Tamil Nadu,631.0
550,Madurai,Tamil Nadu,,9.92085,78.00591,3767.6956,PI,Tamil Nadu,623.0
551,Nagappattinam,Tamil Nadu,,10.848139,79.73903,2516.2363,PI,Tamil Nadu,618.0
552,Namakkal,Tamil Nadu,,11.31615,78.13609,3434.3687,PI,Tamil Nadu,609.0
553,Perambalur,Tamil Nadu,,11.273251,78.89302,1768.8123,PI,Tamil Nadu,615.0
554,Pudukkottai,Tamil Nadu,,10.358208,78.88155,4731.1704,PI,Tamil Nadu,621.0
555,Ramanathapuram,Tamil Nadu,,9.4398,78.672874,4040.5193,PI,Tamil Nadu,626.0
556,Salem,Tamil Nadu,,11.674167,78.222404,5247.4053,PI,Tamil Nadu,608.0
557,Sivaganga,Tamil Nadu,,9.9147215,78.598595,4336.1978,PI,Tamil Nadu,622.0
558,Thanjavur,Tamil Nadu,,10.670818,79.241264,3438.7803,PI,Tamil Nadu,620.0
559,The Nilgiris,Tamil Nadu,,11.455852,76.64194,2572.7917,PI,Tamil Nadu,611.0
560,Theni,Tamil Nadu,,9.8899145,77.43919,2909.5498,PI,Tamil Nadu,624.0
561,Thiruvallur,Tamil Nadu,,13.24315,79.93976,3241.217,PI,Tamil Nadu,602.0
562,Thiruvarur,Tamil Nadu,,10.679518,79.536026,2302.6956,PI,Tamil Nadu,619.0
563,Thoothukkudi,Tamil Nadu,,8.889967,78.004265,4763.9136,PI,Tamil Nadu,627.0
564,Tiruchirappalli,Tamil Nadu,,10.888193,78.57016,4562.4434,PI,Tamil Nadu,614.0
565,Tirunelveli,Tamil Nadu,,8.797447,77.54233,6998.988,PI,Tamil Nadu,628.0
566,Tiruppur,Tamil Nadu,,10.837416,77.40523,5266.5513,PI,Tamil Nadu,633.0
567,Tiruvannamalai,Tamil Nadu,,12.430831,79.16709,6187.6753,PI,Tamil Nadu,606.0
568,Vellore,Tamil Nadu,,12.812205,79.0095,6056.53,PI,Tamil Nadu,605.0
569,Viluppuram,Tamil Nadu,,11.973257,79.291405,7211.8545,PI,Tamil Nadu,607.0
570,Virudunagar,Tamil Nadu,,9.484151,77.94313,4487.1616,PI,Tamil Nadu,625.0
571,Dhalai,Tripura,,23.842844,91.925934,2167.6904,NE,Tripura,291.0
572,North Tripura,Tripura,,24.130276,92.15562,1966.3572,NE,Tripura,292.0
573,South Tripura,Tripura,,23.36819,91.60955,3023.0208,NE,Tripura,290.0
574,West Tripura,Tripura,,23.802029,91.46459,2881.4805,NE,Tripura,289.0
162,Agra,Uttar Pradesh,,27.037848,78.07967,3881.7812,N,Uttar Pradesh,146.0
163,Aligarh,Uttar Pradesh,,27.926998,78.079315,3616.5012,N,Uttar Pradesh,143.0
575,Allahabad,Uttar Pradesh,,25.298649,81.97178,5018.4956,CI,Uttar Pradesh,175.0
576,Ambedkar Nagar,Uttar Pradesh,,26.420132,82.668625,2230.079,CI,Uttar Pradesh,178.0
577,Auraiya,Uttar Pradesh,,26.660606,79.482704,1933.5979,CI,Uttar Pradesh,162.0
578,Azamgarh,Uttar Pradesh,,26.046925,83.0696,4111.2856,CI,Uttar Pradesh,191.0
164,Baghpat,Uttar Pradesh,,29.055204,77.3129,1287.6674,N,Uttar Pradesh,139.0
579,Bahraich,Uttar Pradesh,,27.735823,81.45234,4177.0693,CI,Uttar Pradesh,180.0
580,Ballia,Uttar Pradesh,,25.875435,84.10566,2891.616,CI,Uttar Pradesh,193.0
581,Balrampur,Uttar Pradesh,,27.484896,82.3776,3207.6528,CI,Uttar Pradesh,182.0
582,Banda,Uttar Pradesh,,25.46484,80.5618,4360.5527,CI,Uttar Pradesh,170.0
583,Bara Banki,Uttar Pradesh,,26.938482,81.32757,3656.3071,CI,Uttar Pradesh,176.0
165,Bareilly,Uttar Pradesh,,28.449305,79.42222,3661.3684,N,Uttar Pradesh,150.0
584,Basti,Uttar Pradesh,,26.818338,82.6311,2778.639,CI,Uttar Pradesh,185.0
166,Bijnor,Uttar Pradesh,,29.386929,78.39879,4189.192,N,Uttar Pradesh,134.0
167,Budaun,Uttar Pradesh,,28.1154,78.94586,4907.535,N,Uttar Pradesh,149.0
168,Bulandshahr,Uttar Pradesh,,28.357544,78.0124,3443.02,N,Uttar Pradesh,142.0
585,Chandauli,Uttar Pradesh,,25.137121,83.26098,2435.7175,CI,Uttar Pradesh,196.0
586,Chitrakoot,Uttar Pradesh,,25.205086,81.08961,2964.4978,CI,Uttar Pradesh,171.0
587,Deoria,Uttar Pradesh,,26.422667,83.83667,2460.0906,CI,Uttar Pradesh,190.0
169,Etah,Uttar Pradesh,,27.512272,78.7132,2425.231,N,Uttar Pradesh,201.0
588,Etawah,Uttar Pradesh,,26.759214,79.09662,2240.8875,CI,Uttar Pradesh,161.0
589,Faizabad,Uttar Pradesh,,26.659006,81.99256,2636.1714,CI,Uttar Pradesh,177.0
590,Farrukhabad,Uttar Pradesh,,27.430332,79.461464,2108.3586,CI,Uttar Pradesh,159.0
591,Fatehpur,Uttar Pradesh,,25.873405,80.807396,4018.4468,CI,Uttar Pradesh,172.0
170,Firozabad,Uttar Pradesh,,27.180561,78.539925,2317.448,N,Uttar Pradesh,147.0
171,Gautam Buddha Nagar,Uttar Pradesh,,28.397738,77.54719,1362.9617,N,Uttar Pradesh,141.0
172,Ghaziabad,Uttar Pradesh,,28.739077,77.70674,1914.5015,N,Uttar Pradesh,140.0
592,Ghazipur,Uttar Pradesh,,25.622484,83.55621,3254.2178,CI,Uttar Pradesh,195.0
593,Gonda,Uttar Pradesh,,27.084148,82.02563,3891.82,CI,Uttar Pradesh,183.0
594,Gorakhpur,Uttar Pradesh,,26.657568,83.361534,3239.436,CI,Uttar Pradesh,188.0
595,Hamirpur,Uttar Pradesh,,25.73168,79.87884,4101.0283,CI,Uttar Pradesh,168.0
596,Hardoi,Uttar Pradesh,,27.328638,80.162834,5798.3755,CI,Uttar Pradesh,155.0
597,Jalaun,Uttar Pradesh,,26.091196,79.3875,4401.29,CI,Uttar Pradesh,165.0
598,Jaunpur,Uttar Pradesh,,25.745934,82.57596,3880.2766,CI,Uttar Pradesh,194.0
599,Jhansi,Uttar Pradesh,,25.50544,78.953804,4874.659,CI,Uttar Pradesh,166.0
173,Jyotiba Phule Nagar,Uttar Pradesh,,28.813457,78.32935,2200.6892,N,Uttar Pradesh,137.0
600,Kannauj,Uttar Pradesh,,27.01199,79.688,2000.3302,CI,Uttar Pradesh,160.0
601,Kanpur Dehat,Uttar Pradesh,,26.444658,79.8571,3094.3882,CI,Uttar Pradesh,163.0
602,Kanpur Nagar,Uttar Pradesh,,26.38019,80.215965,2772.6035,CI,Uttar Pradesh,164.0
174,Kansiram Nagar,Uttar Pradesh,,27.777252,78.84552,1898.6066,N,Uttar Pradesh,202.0
603,Kaushambi,Uttar Pradesh,,25.488722,81.45369,1952.1433,CI,Uttar Pradesh,174.0
604,Kheri,Uttar Pradesh,,28.122448,80.66705,7451.201,CI,Uttar Pradesh,153.0
605,Kushinagar,Uttar Pradesh,,26.861658,83.93501,2781.2043,CI,Uttar Pradesh,189.0
606,Lalitpur,Uttar Pradesh,,24.653038,78.56216,4854.018,CI,Uttar Pradesh,167.0
607,Lucknow,Uttar Pradesh,,26.841486,80.90688,2447.2551,CI,Uttar Pradesh,157.0
175,Mahamaya Nagar,Uttar Pradesh,,27.577581,78.16141,1707.1038,N,Uttar Pradesh,144.0
608,Maharajganj,Uttar Pradesh,,27.202501,83.533226,2795.6592,CI,Uttar Pradesh,187.0
609,Mahoba,Uttar Pradesh,,25.3443,79.69655,2762.6003,CI,Uttar Pradesh,169.0
176,Mainpuri,Uttar Pradesh,,27.18057,79.05914,2603.7441,N,Uttar Pradesh,148.0
177,Mathura,Uttar Pradesh,,27.59668,77.627785,3237.6763,N,Uttar Pradesh,145.0
610,Mau,Uttar Pradesh,,26.043016,83.56282,1630.8679,CI,Uttar Pradesh,192.0
178,Meerut,Uttar Pradesh,,29.035751,77.79391,2531.962,N,Uttar Pradesh,138.0
611,Mirzapur,Uttar Pradesh,,24.985462,82.618996,4339.751,CI,Uttar Pradesh,199.0
179,Moradabad,Uttar Pradesh,,28.774954,78.70837,3510.2002,N,Uttar Pradesh,135.0
180,Muzaffarnagar,Uttar Pradesh,,29.439156,77.59241,3933.0732,N,Uttar Pradesh,133.0
181,Pilibhit,Uttar Pradesh,,28.541784,79.96167,3476.1716,N,Uttar Pradesh,151.0
612,Pratapgarh,Uttar Pradesh,,25.87268,81.831314,3573.684,CI,Uttar Pradesh,173.0
613,Rae Bareli,Uttar Pradesh,,26.228727,81.23133,4446.9814,CI,Uttar Pradesh,158.0
182,Rampur,Uttar Pradesh,,28.795362,79.10544,2490.8293,N,Uttar Pradesh,136.0
183,Saharanpur,Uttar Pradesh,,29.949465,77.54749,3620.7522,N,Uttar Pradesh,132.0
614,Sant Kabir Nagar,Uttar Pradesh,,26.789972,83.034805,1540.985,CI,Uttar Pradesh,186.0
615,Sant Ravi Das Nagar(bhadohi),Uttar Pradesh,,25.348078,82.46422,969.8298,CI,Uttar Pradesh,198.0
184,Shahjahanpur,Uttar Pradesh,,27.975666,79.8444,4495.5117,N,Uttar Pradesh,152.0
616,Shrawasti,Uttar Pradesh,,27.654585,81.88392,2418.0884,CI,Uttar Pradesh,181.0
617,Siddharth Nagar,Uttar Pradesh,,27.274103,82.873405,2731.738,CI,Uttar Pradesh,184.0
618,Sitapur,Uttar Pradesh,,27.517767,80.85746,5578.1045,CI,Uttar Pradesh,154.0
619,Sonbhadra,Uttar Pradesh,,24.401785,83.05354,6520.203,CI,Uttar Pradesh,200.0
620,Sultanpur,Uttar Pradesh,,26.27506,82.02038,4252.7705,CI,Uttar Pradesh,179.0
621,Unnao,Uttar Pradesh,,26.609034,80.559784,4429.6055,CI,Uttar Pradesh,156.0
622,Varanasi,Uttar Pradesh,,25.388039,82.917564,1490.5955,CI,Uttar Pradesh,197.0
185,Almora,Uttarakhand,,29.68931,79.50216,3014.5208,N,Uttarakhand,64.0
186,Bageshwar,Uttarakhand,,29.991068,79.85949,2219.3098,N,Uttarakhand,63.0
187,Chamoli,Uttarakhand,,30.495121,79.57851,7634.389,N,Uttarakhand,57.0
188,Champawat,Uttarakhand,,29.298828,80.06975,1600.2172,N,Uttarakhand,65.0
189,Dehradun,Uttarakhand,,30.46326,77.97356,2990.9001,N,Uttarakhand,60.0
190,Garhwal,Uttarakhand,,29.892841,78.769615,5306.8535,N,Uttarakhand,61.0
191,Hardwar,Uttarakhand,,29.871769,78.00129,2320.9375,N,Uttarakhand,68.0
192,Nainital,Uttarakhand,,29.312817,79.454994,4015.6785,N,Uttarakhand,66.0
193,Pithoragarh,Uttarakhand,,30.111662,80.34755,7045.651,N,Uttarakhand,62.0
194,Rudraprayag,Uttarakhand,,30.530252,79.058815,1790.1588,N,Uttarakhand,58.0
195,Tehri Garhwal,Uttarakhand,,30.437372,78.536835,3768.9348,N,Uttarakhand,59.0
196,Udham Singh Nagar,Uttarakhand,,29.027805,79.52411,2667.6128,N,Uttarakhand,67.0
197,Uttarkashi,Uttarakhand,,30.973377,78.60358,7862.4893,N,Uttarakhand,56.0
623,Bankura,West Bengal,,23.14081,87.134834,6682.1846,GP,West Bengal,339.0
624,Barddhaman,West Bengal,,23.42792,87.76843,6755.321,GP,West Bengal,335.0
625,Birbhum,West Bengal,,23.953259,87.66617,4370.8486,GP,West Bengal,334.0
626,Dakshin Dinajpur,West Bengal,,25.364056,88.5883,2085.9958,GP,West Bengal,331.0
627,Darjiling,West Bengal,,26.91339,88.39449,3076.9736,GP,West Bengal,327.0
628,Haora,West Bengal,,22.52596,88.06747,1392.1937,GP,West Bengal,341.0
629,Hugli,West Bengal,,22.884745,88.07963,3024.3447,GP,West Bengal,338.0
630,Jalpaiguri,West Bengal,,26.660906,89.08458,5995.1816,GP,West Bengal,328.0
631,Koch Bihar,West Bengal,,26.291162,89.34367,3280.7039,GP,West Bengal,329.0
632,Kolkata,West Bengal,,22.555252,88.355835,87.92212,GP,West Bengal,342.0
633,Maldah,West Bengal,,25.136536,88.092415,3460.8003,GP,West Bengal,332.0
634,Murshidabad,West Bengal,,24.160917,88.231186,5131.453,GP,West Bengal,333.0
635,Nadia,West Bengal,,23.482077,88.52154,3768.0857,GP,West Bengal,336.0
636,North 24 Parganas,West Bengal,,22.463402,88.78082,5582.3584,GP,West Bengal,337.0
637,Pashchim Medinipur,West Bengal,,22.413916,87.266975,9021.9795,GP,West Bengal,344.0
638,Purba Medinipur,West Bengal,,22.020454,87.77418,3893.571,GP,West Bengal,345.0
639,Puruliya,West Bengal,,23.277231,86.418274,6003.102,GP,West Bengal,340.0
640,South 24 Parganas,West Bengal,,22.115467,88.41673,5365.72,GP,West Bengal,343.0
641,Uttar Dinajpur,West Bengal,,25.88041,88.158134,3105.256,GP,West Bengal,330.0
